-- MariaDB dump 10.19  Distrib 10.5.15-MariaDB, for debian-linux-gnu (x86_64)
--
-- Host: localhost    Database: comporproject
-- ------------------------------------------------------
-- Server version	10.5.15-MariaDB-0+deb11u1

/*!40101 SET @OLD_CHARACTER_SET_CLIENT=@@CHARACTER_SET_CLIENT */;
/*!40101 SET @OLD_CHARACTER_SET_RESULTS=@@CHARACTER_SET_RESULTS */;
/*!40101 SET @OLD_COLLATION_CONNECTION=@@COLLATION_CONNECTION */;
/*!40101 SET NAMES utf8mb4 */;
/*!40103 SET @OLD_TIME_ZONE=@@TIME_ZONE */;
/*!40103 SET TIME_ZONE='+00:00' */;
/*!40014 SET @OLD_UNIQUE_CHECKS=@@UNIQUE_CHECKS, UNIQUE_CHECKS=0 */;
/*!40014 SET @OLD_FOREIGN_KEY_CHECKS=@@FOREIGN_KEY_CHECKS, FOREIGN_KEY_CHECKS=0 */;
/*!40101 SET @OLD_SQL_MODE=@@SQL_MODE, SQL_MODE='NO_AUTO_VALUE_ON_ZERO' */;
/*!40111 SET @OLD_SQL_NOTES=@@SQL_NOTES, SQL_NOTES=0 */;

--
-- Table structure for table `Project`
--

DROP TABLE IF EXISTS `Project`;
/*!40101 SET @saved_cs_client     = @@character_set_client */;
/*!40101 SET character_set_client = utf8 */;
CREATE TABLE `Project` (
  `id` int(11) NOT NULL AUTO_INCREMENT,
  `name` varchar(50) NOT NULL,
  PRIMARY KEY (`id`),
  UNIQUE KEY `Projects_id_uindex` (`id`),
  UNIQUE KEY `Projects_name_uindex` (`name`)
) ENGINE=InnoDB AUTO_INCREMENT=31 DEFAULT CHARSET=utf8mb4;
/*!40101 SET character_set_client = @saved_cs_client */;

--
-- Dumping data for table `Project`
--

LOCK TABLES `Project` WRITE;
/*!40000 ALTER TABLE `Project` DISABLE KEYS */;
INSERT INTO `Project` VALUES (11,'Acker Versicherung'),(13,'Bernhard International AG'),(15,'Buhr GmbH'),(16,'Busch Textil GmbH & Co. KG'),(8,'C-Level Support'),(10,'Controlling'),(9,'Customer Requests'),(2,'Finance - Malaysian Collaboration'),(21,'Garver & Partner e.K.'),(19,'Geiger & Partner AG'),(25,'Gotti-Team GbR'),(23,'Haumann GmbH & Co. KG'),(12,'Heppenheimer-Group AG'),(4,'Hiring'),(20,'Holzmann-Group GbR'),(18,'Kneib Umwelt GbR'),(14,'Martz Verwaltungs GmbH'),(6,'Meeting'),(1,'Merger - Moscow Consulting'),(3,'Offer - Banking Group'),(22,'Schultheiss Unterhaltung AG'),(7,'Server Administration'),(24,'Switzer Holding'),(5,'User support'),(17,'Wirner & Partner Verwaltungs GmbH');
/*!40000 ALTER TABLE `Project` ENABLE KEYS */;
UNLOCK TABLES;

--
-- Table structure for table `User`
--

DROP TABLE IF EXISTS `User`;
/*!40101 SET @saved_cs_client     = @@character_set_client */;
/*!40101 SET character_set_client = utf8 */;
CREATE TABLE `User` (
  `id` int(11) NOT NULL AUTO_INCREMENT,
  `password` varchar(32) NOT NULL,
  `name` varchar(50) NOT NULL,
  `email` varchar(254) NOT NULL,
  PRIMARY KEY (`id`),
  UNIQUE KEY `User_email_uindex` (`email`),
  UNIQUE KEY `User_id_uindex` (`id`)
) ENGINE=InnoDB AUTO_INCREMENT=10 DEFAULT CHARSET=utf8mb4;
/*!40101 SET character_set_client = @saved_cs_client */;

--
-- Dumping data for table `User`
--

LOCK TABLES `User` WRITE;
/*!40000 ALTER TABLE `User` DISABLE KEYS */;
INSERT INTO `User` VALUES (1,'qwertz','Prof. Dr. Dr. h. c. Bernd Kaiser','b.kaiser@compor-ag.de'),(2,'12345678','Dr. Andreas Schiller','a.schiller@compor-ag.de'),(3,'geheim','Frank Fuerst','f.fuerst@compor-ag.de'),(4,'fcbayern','Patrick Kirsch','f.kirsch@compor-ag.de'),(5,'password1','Sandra Gersten','s.gersten@compor-ag.de'),(6,'welcome','Sebastian von Ebersbach','s.ebersbach@compor-ag.de'),(7,'qwerty123','Tobias Kuhn','t.kuhn@compor-ag.de'),(8,'iloveyou','Frida Fleisser','f.fleisser@compor-ag.de'),(9,'password','Maria Meier','m.meier@compor-ag.de');
/*!40000 ALTER TABLE `User` ENABLE KEYS */;
UNLOCK TABLES;

--
-- Table structure for table `User_Project`
--

DROP TABLE IF EXISTS `User_Project`;
/*!40101 SET @saved_cs_client     = @@character_set_client */;
/*!40101 SET character_set_client = utf8 */;
CREATE TABLE `User_Project` (
  `user_id` int(11) NOT NULL,
  `project_id` int(11) NOT NULL,
  KEY `project_id` (`project_id`),
  KEY `user_id` (`user_id`),
  CONSTRAINT `project_id` FOREIGN KEY (`project_id`) REFERENCES `Project` (`id`) ON DELETE CASCADE,
  CONSTRAINT `user_id` FOREIGN KEY (`user_id`) REFERENCES `User` (`id`) ON DELETE CASCADE
) ENGINE=InnoDB DEFAULT CHARSET=utf8mb4;
/*!40101 SET character_set_client = @saved_cs_client */;

--
-- Dumping data for table `User_Project`
--

LOCK TABLES `User_Project` WRITE;
/*!40000 ALTER TABLE `User_Project` DISABLE KEYS */;
INSERT INTO `User_Project` VALUES (1,1),(4,4),(5,5),(7,7),(8,8),(9,8),(1,4),(7,6),(8,6),(9,6),(1,3),(2,8),(3,3),(4,10),(7,5),(8,3),(9,3),(1,2),(2,5),(4,7),(5,8),(6,9),(7,8),(8,9),(9,10),(2,6),(3,6),(4,6),(5,6),(6,6),(2,11),(3,12),(4,13),(5,14),(6,15),(2,16),(3,17),(4,18),(5,19),(6,20),(2,21),(3,10),(4,23),(5,24),(6,25);
/*!40000 ALTER TABLE `User_Project` ENABLE KEYS */;
UNLOCK TABLES;

--
-- Table structure for table `WorkingHour`
--

DROP TABLE IF EXISTS `WorkingHour`;
/*!40101 SET @saved_cs_client     = @@character_set_client */;
/*!40101 SET character_set_client = utf8 */;
CREATE TABLE `WorkingHour` (
  `user_id` int(11) NOT NULL,
  `project_id` int(11) NOT NULL,
  `calendar_week` int(11) NOT NULL,
  `monday` text DEFAULT NULL,
  `tuesday` text DEFAULT NULL,
  `wednesday` text DEFAULT NULL,
  `thursday` text DEFAULT NULL,
  `friday` text DEFAULT NULL,
  PRIMARY KEY (`user_id`,`project_id`,`calendar_week`),
  KEY `wh_project_id` (`project_id`),
  CONSTRAINT `wh_project_id` FOREIGN KEY (`project_id`) REFERENCES `Project` (`id`) ON DELETE CASCADE,
  CONSTRAINT `wh_user_id` FOREIGN KEY (`user_id`) REFERENCES `User` (`id`) ON DELETE CASCADE
) ENGINE=InnoDB DEFAULT CHARSET=utf8mb4;
/*!40101 SET character_set_client = @saved_cs_client */;

--
-- Dumping data for table `WorkingHour`
--

LOCK TABLES `WorkingHour` WRITE;
/*!40000 ALTER TABLE `WorkingHour` DISABLE KEYS */;
INSERT INTO `WorkingHour` VALUES (1,1,31,'2','2','4','2','5'),(1,1,32,'1','2','1','3','4'),(1,1,33,'3','3','2','3','2'),(1,1,34,'4','1','2','2','1'),(1,1,35,'2','2','1','2','0'),(1,1,36,'3','1','2','2','2'),(1,1,37,'3','2','4','2','1'),(1,1,38,'2','1','0','1','4'),(1,1,39,'3','1','0','2','2'),(1,2,31,'3','6','3','2','1'),(1,2,32,'5','2','1','3','3'),(1,2,33,'3','1','3','3','2'),(1,2,34,'3','2','0','3','3'),(1,2,35,'1','4','2','2','2'),(1,2,36,'1','2','1','1','1'),(1,2,37,'2','2','1','2','0'),(1,2,38,'3','1','1','2','0'),(1,2,39,'2','4','3','1','4'),(1,3,31,'0','1','1','2','0'),(1,3,32,'2','1','3','0','0'),(1,3,33,'3','2','3','1','4'),(1,3,34,'0','3','2','3','3'),(1,3,35,'2','3','3','1','2'),(1,3,36,'2','2','4','5','3'),(1,3,37,'4','2','3','1','3'),(1,3,38,'1','3','2','2','3'),(1,3,39,'0','2','4','3','0'),(1,4,31,'3','1','1','2','1'),(1,4,32,'0','3','3','2','1'),(1,4,33,'1','2','0','1','0'),(1,4,34,'1','4','4','0','1'),(1,4,35,'2','0','2','3','4'),(1,4,36,'2','3','1','0','2'),(1,4,37,'1','1','2','4','2'),(1,4,38,'2','3','5','3','1'),(1,4,39,'3','1','3','2','2'),(2,5,31,'2','4','4','0','1'),(2,5,32,'2','1','0','1','2'),(2,5,33,'2','0','0','2','3'),(2,5,34,'1','1','3','3','0'),(2,5,35,'0','1','1','2','2'),(2,5,36,'0','0','2','1','3'),(2,5,37,'2','1','3','0','3'),(2,5,38,'1','2','3','2','2'),(2,5,39,'1','0','1','0','0'),(2,6,31,'0','1','2','1','3'),(2,6,32,'1','1','0','1','0'),(2,6,33,'2','2','2','0','0'),(2,6,34,'2','4','2','1','1'),(2,6,35,'2','2','1','1','1'),(2,6,36,'0','1','0','2','2'),(2,6,37,'1','1','0','1','1'),(2,6,38,'3','2','1','0','1'),(2,6,39,'1','3','0','3','1'),(2,8,31,'0','0','1','3','1'),(2,8,32,'2','2','2','1','2'),(2,8,33,'1','2','1','4','0'),(2,8,34,'1','0','0','2','0'),(2,8,35,'3','2','3','2','2'),(2,8,36,'3','2','2','2','0'),(2,8,37,'3','3','3','1','1'),(2,8,38,'0','1','1','2','2'),(2,8,39,'1','2','1','1','2'),(2,11,31,'4','1','1','0','0'),(2,11,32,'0','4','2','1','2'),(2,11,33,'1','1','3','1','4'),(2,11,34,'1','2','2','2','2'),(2,11,35,'1','0','3','1','0'),(2,11,36,'2','4','1','0','1'),(2,11,37,'0','3','1','1','1'),(2,11,38,'2','1','1','1','0'),(2,11,39,'3','0','3','1','2'),(2,16,31,'1','0','1','3','1'),(2,16,32,'1','2','4','2','2'),(2,16,33,'0','3','0','1','0'),(2,16,34,'1','3','1','0','1'),(2,16,35,'1','2','1','2','2'),(2,16,36,'1','0','1','1','0'),(2,16,37,'1','0','0','3','2'),(2,16,38,'1','1','0','2','1'),(2,16,39,'1','2','2','1','1'),(2,21,31,'1','2','0','2','2'),(2,21,32,'2','0','0','2','0'),(2,21,33,'2','2','1','0','0'),(2,21,34,'2','0','0','2','2'),(2,21,35,'1','1','0','1','0'),(2,21,36,'2','1','2','2','2'),(2,21,37,'1','0','1','2','0'),(2,21,38,'1','1','2','1','2'),(2,21,39,'1','0','1','2','3'),(3,6,31,'0','1','0','2','4'),(3,6,32,'0','1','0','2','1'),(3,6,33,'0','1','3','1','3'),(3,6,34,'0','1','2','0','1'),(3,6,35,'2','4','3','2','4'),(3,6,36,'3','2','3','1','2'),(3,6,37,'3','2','2','3','0'),(3,6,38,'0','1','1','3','2'),(3,6,39,'3','2','1','0','4'),(3,9,31,'1','1','2','0','0'),(3,9,32,'4','3','2','2','1'),(3,9,33,'2','2','2','2','3'),(3,9,34,'2','0','2','2','1'),(3,9,35,'1','0','4','0','0'),(3,9,36,'1','1','1','1','0'),(3,9,37,'1','1','1','1','3'),(3,9,38,'3','3','1','2','1'),(3,9,39,'2','0','2','3','2'),(3,12,31,'1','2','2','2','3'),(3,12,32,'1','0','1','0','2'),(3,12,33,'0','0','1','1','2'),(3,12,34,'2','1','2','1','2'),(3,12,35,'3','2','1','3','2'),(3,12,36,'2','2','2','1','2'),(3,12,37,'2','2','1','1','1'),(3,12,38,'1','0','3','0','2'),(3,12,39,'0','4','2','2','1'),(3,17,31,'4','3','3','1','0'),(3,17,32,'1','1','2','1','1'),(3,17,33,'5','2','2','1','1'),(3,17,34,'2','1','2','3','2'),(3,17,35,'2','2','0','0','1'),(3,17,36,'2','3','3','2','1'),(3,17,37,'1','2','3','0','2'),(3,17,38,'4','3','3','3','2'),(3,17,39,'0','0','2','3','1'),(3,22,31,'2','1','3','2','1'),(3,22,32,'3','3','2','3','2'),(3,22,33,'1','2','0','3','1'),(3,22,34,'2','4','0','3','1'),(3,22,35,'1','2','0','3','0'),(3,22,36,'0','0','0','3','4'),(3,22,37,'1','1','0','3','2'),(3,22,38,'0','1','0','0','1'),(3,22,39,'2','2','0','0','0'),(4,4,31,'0','1','1','0','2'),(4,4,32,'1','0','1','1','3'),(4,4,33,'2','1','0','3','3'),(4,4,34,'0','4','2','1','0'),(4,4,35,'2','1','1','1','0'),(4,4,36,'0','1','1','0','1'),(4,4,37,'0','3','2','2','3'),(4,4,38,'3','2','1','0','1'),(4,4,39,'0','0','2','1','1'),(4,6,31,'1','1','2','1','0'),(4,6,32,'0','0','1','1','0'),(4,6,33,'1','2','3','1','1'),(4,6,34,'2','0','1','1','1'),(4,6,35,'1','1','0','0','2'),(4,6,36,'3','2','2','2','2'),(4,6,37,'2','0','2','2','2'),(4,6,38,'2','0','1','1','3'),(4,6,39,'2','1','1','1','1'),(4,7,31,'2','1','0','1','0'),(4,7,32,'1','1','1','1','0'),(4,7,33,'0','3','1','2','1'),(4,7,34,'2','0','2','0','2'),(4,7,35,'1','1','0','2','0'),(4,7,36,'2','2','1','2','2'),(4,7,37,'1','1','0','0','0'),(4,7,38,'2','3','0','1','1'),(4,7,39,'1','2','1','2','2'),(4,10,31,'1','1','2','3','2'),(4,10,32,'1','3','1','1','2'),(4,10,33,'2','0','0','1','1'),(4,10,34,'2','2','0','1','0'),(4,10,35,'0','2','2','1','0'),(4,10,36,'0','0','1','0','2'),(4,10,37,'0','1','0','2','1'),(4,10,38,'1','1','1','1','3'),(4,10,39,'2','1','0','0','1'),(4,13,31,'1','2','1','2','1'),(4,13,32,'2','0','0','2','1'),(4,13,33,'0','0','2','1','1'),(4,13,34,'1','2','1','2','1'),(4,13,35,'0','0','2','1','2'),(4,13,36,'1','1','1','1','1'),(4,13,37,'1','1','1','0','0'),(4,13,38,'2','1','1','1','0'),(4,13,39,'2','1','1','2','1'),(4,18,31,'2','1','1','2','1'),(4,18,32,'1','1','1','0','0'),(4,18,33,'2','1','1','1','0'),(4,18,34,'1','1','0','1','2'),(4,18,35,'5','2','1','1','0'),(4,18,36,'1','2','1','0','1'),(4,18,37,'1','2','2','1','1'),(4,18,38,'0','0','2','3','1'),(4,18,39,'1','2','0','1','1'),(4,23,31,'2','1','1','1','1'),(4,23,32,'2','3','3','2','2'),(4,23,33,'1','1','1','0','1'),(4,23,34,'0','1','2','3','1'),(4,23,35,'1','1','1','2','4'),(4,23,36,'1','0','1','3','1'),(4,23,37,'2','0','1','1','1'),(4,23,38,'0','1','1','1','0'),(4,23,39,'0','1','3','1','3'),(5,5,31,'2','0','2','1','0'),(5,5,32,'2','3','2','2','2'),(5,5,33,'1','1','2','0','3'),(5,5,34,'1','0','2','2','1'),(5,5,35,'0','2','0','1','3'),(5,5,36,'1','2','0','4','0'),(5,5,37,'0','0','1','2','3'),(5,5,38,'2','2','2','1','2'),(5,5,39,'2','2','0','1','1'),(5,6,31,'0','1','3','2','0'),(5,6,32,'0','2','1','1','0'),(5,6,33,'1','2','1','0','3'),(5,6,34,'0','1','1','1','2'),(5,6,35,'3','0','3','2','0'),(5,6,36,'1','4','1','0','2'),(5,6,37,'1','0','2','2','0'),(5,6,38,'2','2','1','0','0'),(5,6,39,'0','0','0','1','2'),(5,8,31,'0','5','0','1','1'),(5,8,32,'0','0','3','0','2'),(5,8,33,'2','0','1','2','1'),(5,8,34,'1','3','1','1','1'),(5,8,35,'2','0','2','2','2'),(5,8,36,'0','1','1','3','0'),(5,8,37,'2','3','2','1','0'),(5,8,38,'0','1','4','1','2'),(5,8,39,'0','1','1','1','3'),(5,14,31,'2','1','2','3','2'),(5,14,32,'2','1','2','2','1'),(5,14,33,'0','3','1','2','1'),(5,14,34,'2','1','2','1','2'),(5,14,35,'0','2','0','2','3'),(5,14,36,'5','0','3','0','0'),(5,14,37,'3','2','1','4','1'),(5,14,38,'0','1','0','1','0'),(5,14,39,'2','0','2','2','0'),(5,19,31,'3','0','0','1','0'),(5,19,32,'1','2','0','0','1'),(5,19,33,'1','2','1','4','0'),(5,19,34,'2','2','2','1','2'),(5,19,35,'1','1','2','1','0'),(5,19,36,'2','3','0','0','3'),(5,19,37,'1','2','2','1','1'),(5,19,38,'3','0','0','3','1'),(5,19,39,'4','3','4','2','1'),(5,24,31,'2','3','2','2','1'),(5,24,32,'3','0','2','3','2'),(5,24,33,'2','0','2','0','0'),(5,24,34,'2','1','0','2','0'),(5,24,35,'2','2','3','0','0'),(5,24,36,'1','0','3','1','1'),(5,24,37,'2','1','0','0','2'),(5,24,38,'0','2','1','2','3'),(5,24,39,'0','2','1','0','1'),(6,6,31,'1','1','2','3','0'),(6,6,32,'1','0','2','3','3'),(6,6,33,'0','2','2','1','1'),(6,6,34,'2','2','1','1','1'),(6,6,35,'2','3','1','2','0'),(6,6,36,'2','1','3','3','2'),(6,6,37,'0','1','3','1','1'),(6,6,38,'4','2','1','1','2'),(6,6,39,'0','0','2','1','0'),(6,9,31,'2','3','0','1','3'),(6,9,32,'1','1','1','1','1'),(6,9,33,'1','1','1','1','2'),(6,9,34,'2','1','4','0','3'),(6,9,35,'3','1','1','5','2'),(6,9,36,'0','2','1','1','2'),(6,9,37,'3','2','2','2','3'),(6,9,38,'1','0','0','1','0'),(6,9,39,'2','5','3','2','1'),(6,15,31,'0','0','1','0','1'),(6,15,32,'3','4','2','1','0'),(6,15,33,'2','2','2','1','1'),(6,15,34,'1','2','2','1','3'),(6,15,35,'2','0','3','2','1'),(6,15,36,'2','3','0','2','1'),(6,15,37,'2','1','2','2','2'),(6,15,38,'3','4','1','2','2'),(6,15,39,'3','0','0','1','1'),(6,20,31,'3','2','3','2','1'),(6,20,32,'2','1','1','2','2'),(6,20,33,'4','1','2','2','1'),(6,20,34,'2','1','2','5','1'),(6,20,35,'2','2','2','0','4'),(6,20,36,'1','0','1','1','1'),(6,20,37,'3','1','1','2','0'),(6,20,38,'1','2','4','1','2'),(6,20,39,'3','3','4','3','0'),(6,25,31,'2','4','2','4','1'),(6,25,32,'1','2','2','1','2'),(6,25,33,'1','2','2','3','3'),(6,25,34,'2','2','0','1','0'),(6,25,35,'1','2','1','0','0'),(6,25,36,'3','2','3','1','2'),(6,25,37,'0','3','2','1','2'),(6,25,38,'1','1','2','2','2'),(6,25,39,'2','1','1','1','3'),(7,5,31,'1','1','2','0','2'),(7,5,32,'1','3','4','1','3'),(7,5,33,'1','3','2','3','3'),(7,5,34,'2','2','3','0','3'),(7,5,35,'1','0','1','1','4'),(7,5,36,'3','3','2','5','3'),(7,5,37,'3','1','4','3','3'),(7,5,38,'4','2','2','4','2'),(7,5,39,'1','0','1','1','1'),(7,6,31,'3','3','3','0','2'),(7,6,32,'0','1','2','3','1'),(7,6,33,'3','0','2','1','0'),(7,6,34,'2','1','0','4','1'),(7,6,35,'2','0','3','2','1'),(7,6,36,'1','1','2','0','1'),(7,6,37,'3','0','2','1','2'),(7,6,38,'2','3','2','0','3'),(7,6,39,'0','1','1','5','3'),(7,7,31,'3','2','2','0','2'),(7,7,32,'4','1','1','4','0'),(7,7,33,'4','3','2','2','2'),(7,7,34,'2','3','2','2','3'),(7,7,35,'4','5','4','3','2'),(7,7,36,'1','2','2','2','2'),(7,7,37,'0','2','1','2','0'),(7,7,38,'2','2','0','3','1'),(7,7,39,'2','4','0','2','3'),(7,8,31,'1','2','1','8','2'),(7,8,32,'3','2','2','2','4'),(7,8,33,'0','2','2','2','3'),(7,8,34,'2','2','3','2','1'),(7,8,35,'0','3','1','2','1'),(7,8,36,'3','1','2','3','2'),(7,8,37,'2','5','1','2','3'),(7,8,38,'2','0','4','1','2'),(7,8,39,'4','3','6','1','2'),(8,3,31,'3','2','3','0','1'),(8,3,32,'2','2','4','1','1'),(8,3,33,'3','2','3','2','1'),(8,3,34,'1','2','1','2','2'),(8,3,35,'2','2','3','1','2'),(8,3,36,'1','3','2','2','2'),(8,3,37,'1','1','4','2','2'),(8,3,38,'0','1','2','1','4'),(8,3,39,'4','2','3','3','0'),(8,6,31,'1','1','2','2','3'),(8,6,32,'1','2','3','2','3'),(8,6,33,'2','3','3','1','1'),(8,6,34,'2','2','2','1','2'),(8,6,35,'3','0','2','2','2'),(8,6,36,'4','3','3','4','3'),(8,6,37,'2','2','1','1','1'),(8,6,38,'1','3','5','3','3'),(8,6,39,'2','1','0','1','2'),(8,8,31,'3','2','3','4','2'),(8,8,32,'2','3','2','2','1'),(8,8,33,'2','2','1','3','1'),(8,8,34,'2','1','3','3','4'),(8,8,35,'2','5','1','3','4'),(8,8,36,'1','1','1','2','2'),(8,8,37,'3','2','0','2','3'),(8,8,38,'4','2','0','4','1'),(8,8,39,'1','2','2','0','5'),(8,9,31,'1','3','1','2','2'),(8,9,32,'3','2','0','3','3'),(8,9,33,'3','3','2','3','1'),(8,9,34,'3','3','2','2','2'),(8,9,35,'1','1','1','2','1'),(8,9,36,'2','2','4','0','0'),(8,9,37,'2','3','3','3','2'),(8,9,38,'3','2','0','0','0'),(8,9,39,'1','3','3','3','1'),(9,3,31,'3','1','4','2','2'),(9,3,32,'2','1','1','3','2'),(9,3,33,'2','1','1','1','4'),(9,3,34,'2','2','4','2','5'),(9,3,35,'2','2','7','0','4'),(9,3,36,'1','0','3','2','0'),(9,3,37,'0','2','1','4','2'),(9,3,38,'3','2','0','2','2'),(9,3,39,'2','3','2','2','2'),(9,6,31,'2','2','3','0','1'),(9,6,32,'3','2','1','2','0'),(9,6,33,'2','3','3','3','0'),(9,6,34,'1','3','1','2','2'),(9,6,35,'3','2','1','2','1'),(9,6,36,'3','2','1','2','3'),(9,6,37,'4','2','4','2','1'),(9,6,38,'2','3','1','2','0'),(9,6,39,'3','1','3','2','2'),(9,8,31,'1','3','1','3','1'),(9,8,32,'1','4','3','1','4'),(9,8,33,'2','3','0','2','1'),(9,8,34,'3','2','1','3','1'),(9,8,35,'0','1','0','3','3'),(9,8,36,'2','4','0','2','3'),(9,8,37,'2','1','4','1','3'),(9,8,38,'0','2','3','2','3'),(9,8,39,'1','1','2','1','3'),(9,10,31,'4','4','2','3','0'),(9,10,32,'2','1','3','3','2'),(9,10,33,'2','1','4','4','3'),(9,10,34,'2','1','2','1','0'),(9,10,35,'3','3','0','3','0'),(9,10,36,'4','2','3','2','1'),(9,10,37,'1','3','1','3','1'),(9,10,38,'3','1','4','2','3'),(9,10,39,'3','3','2','3','1');
/*!40000 ALTER TABLE `WorkingHour` ENABLE KEYS */;
UNLOCK TABLES;
/*!40103 SET TIME_ZONE=@OLD_TIME_ZONE */;

/*!40101 SET SQL_MODE=@OLD_SQL_MODE */;
/*!40014 SET FOREIGN_KEY_CHECKS=@OLD_FOREIGN_KEY_CHECKS */;
/*!40014 SET UNIQUE_CHECKS=@OLD_UNIQUE_CHECKS */;
/*!40101 SET CHARACTER_SET_CLIENT=@OLD_CHARACTER_SET_CLIENT */;
/*!40101 SET CHARACTER_SET_RESULTS=@OLD_CHARACTER_SET_RESULTS */;
/*!40101 SET COLLATION_CONNECTION=@OLD_COLLATION_CONNECTION */;
/*!40111 SET SQL_NOTES=@OLD_SQL_NOTES */;

-- Dump completed on 2022-10-22 15:38:30
